item_id,section,block,block_title,group,text,pitch,pitch_level,energy,note,suggest_male,suggest_female,filename_base,take,status,comment
A001,گفتار,A,کالیبراسیون,,سکوت کامل — ۱۵ ثانیه، بدون حرکت، بدون نفس نزدیک میکروفن,,,,پروفایل نویز اتاق. برای نویزگیریِ بعدی لازم است. این فایل را هرگز پاک نکنید.,,,SPK01_M_S_A_001,,,
A002,گفتار,A,کالیبراسیون,,شمردن از یک تا بیست، با صدای کاملاً عادی,,,,اینجا gain را تنظیم کنید.,,,SPK01_M_S_A_002,,,
A003,گفتار,A,کالیبراسیون,,شمردن معکوس از بیست تا یک، آرام و شمرده,,,,بررسی یکنواختی سطح.,,,SPK01_M_S_A_003,,,
A004,گفتار,A,کالیبراسیون,,الفبای فارسی، حرف به حرف، با مکث کوتاه بین هر حرف,,,,پوشش پایهٔ واجی.,,,SPK01_M_S_A_004,,,
A005,گفتار,A,کالیبراسیون,,«آهای! صدای من رو می‌شنوی؟» — با تمام قدرت,,,,تست هدروم. اگر کلیپ شد، gain را کم کنید و A002 را دوباره بگیرید.,,,SPK01_M_S_A_005,,,
A006,گفتار,A,کالیبراسیون,,«باورم نمی‌شود این اتفاق افتاده باشد.» — کاملاً خنثی,,,,جملهٔ مرجع. در هر دو جلسه این جمله را در ابتدا و انتها بگویید — معیار سنجش خستگی صدا و تغییر تنظیمات است.,,,SPK01_M_S_A_006,,,
B001,گفتار,B,پوشش واجی,قاف — پرتکرارترین واجی که مدل‌های انگلیسی‌محور خرابش می‌کنند,قاسم قول داد قبل از ظهر قرارداد را امضا کند.,,,,ق در آغاز و میان کلمه,,,SPK01_M_S_B_001,,,
B002,گفتار,B,پوشش واجی,قاف — پرتکرارترین واجی که مدل‌های انگلیسی‌محور خرابش می‌کنند,این قفل قدیمی آن‌قدر زنگ زده که هیچ کلیدی قبولش نمی‌کند.,,,,ق پیاپی,,,SPK01_M_S_B_002,,,
B003,گفتار,B,پوشش واجی,قاف — پرتکرارترین واجی که مدل‌های انگلیسی‌محور خرابش می‌کنند,قایق وسط دریا واژگون شد و قایقران فریاد زد.,,,,ق + ژ,,,SPK01_M_S_B_003,,,
B004,گفتار,B,پوشش واجی,قاف — پرتکرارترین واجی که مدل‌های انگلیسی‌محور خرابش می‌کنند,حق با توست، ولی وقت اثباتش الان نیست.,,,,ق پایانی و در خوشه,,,SPK01_M_S_B_004,,,
B005,گفتار,B,پوشش واجی,قاف — پرتکرارترین واجی که مدل‌های انگلیسی‌محور خرابش می‌کنند,عقربه‌های ساعت روی دقیقهٔ چهل و پنج قفل شده بودند.,,,,ق میان‌واژه + ع,,,SPK01_M_S_B_005,,,
B006,گفتار,B,پوشش واجی,غین,غروب که شد، غم عجیبی به دلش چنگ زد.,,,,غ آغازین,,,SPK01_M_S_B_006,,,
B007,گفتار,B,پوشش واجی,غین,مرغ‌ها را در باغ رها کرد و بی‌خداحافظی رفت.,,,,غ پایانی,,,SPK01_M_S_B_007,,,
B008,گفتار,B,پوشش واجی,غین,دروغ گفتن هیچ‌وقت هیچ مشکلی را حل نکرده.,,,,غ + ه,,,SPK01_M_S_B_008,,,
B009,گفتار,B,پوشش واجی,غین,چراغ اتاق را روشن بگذار، تاریکی را دوست ندارم.,,,,غ در پایان هجا,,,SPK01_M_S_B_009,,,
B010,گفتار,B,پوشش واجی,غین,مغازه‌دار با اخم به کاغذ نگاه کرد و سرش را تکان داد.,,,,غ میانی، سه بار,,,SPK01_M_S_B_010,,,
B011,گفتار,B,پوشش واجی,خ,خواهرم خوابیده بود که تلفن زنگ خورد.,,,,خو (خوانده‌نشده),,,SPK01_M_S_B_011,,,
B012,گفتار,B,پوشش واجی,خ,خرید خانه در این شهر دیگر خواب و خیال شده.,,,,خ آغازین پیاپی,,,SPK01_M_S_B_012,,,
B013,گفتار,B,پوشش واجی,خ,تو خودت خوب می‌دانی چه خبر است، خودت را به نفهمی نزن.,,,,خ + محاوره,,,SPK01_M_S_B_013,,,
B014,گفتار,B,پوشش واجی,خ,آخرین باری که خندید، سه سال پیش بود.,,,,خ میانی,,,SPK01_M_S_B_014,,,
B015,گفتار,B,پوشش واجی,خ,داخل جعبه فقط چند تا عکس قدیمی و یک ساعت خراب بود.,,,,خ + ع + ق,,,SPK01_M_S_B_015,,,
B016,گفتار,B,پوشش واجی,ح و ه,حالا که حرفش شد، حقیقت را همین‌جا بگو.,,,,ح آغازین,,,SPK01_M_S_B_016,,,
B017,گفتار,B,پوشش واجی,ح و ه,صبح زود حرکت کردیم و ظهر رسیدیم خانه.,,,,ح میانی + ظ,,,SPK01_M_S_B_017,,,
B018,گفتار,B,پوشش واجی,ح و ه,حوصله‌ام سر رفته، بیا یک هوای تازه بخوریم.,,,,ح + ه,,,SPK01_M_S_B_018,,,
B019,گفتار,B,پوشش واجی,ح و ه,همه‌چیز همان‌طور بود که خواسته بودی، حتی بهتر.,,,,ه پرتکرار,,,SPK01_M_S_B_019,,,
B020,گفتار,B,پوشش واجی,ع,معلم بعد از امتحان با عصبانیت از کلاس بیرون رفت.,,,,ع میانی و آغازین,,,SPK01_M_S_B_020,,,
B021,گفتار,B,پوشش واجی,ع,سعی کن جمعهٔ بعد را برای من خالی نگه داری.,,,,ع میان‌مصوتی,,,SPK01_M_S_B_021,,,
B022,گفتار,B,پوشش واجی,ع,عجله کن، اتوبوس ساعت شش حرکت می‌کند.,,,,ع + ش,,,SPK01_M_S_B_022,,,
B023,گفتار,B,پوشش واجی,ع,این موضوع اصلاً به تو مربوط نیست، لطفاً دخالت نکن.,,,,ع پایانی + ض + ط,,,SPK01_M_S_B_023,,,
B024,گفتار,B,پوشش واجی,ژ — کم‌بسامد ولی حیاتی,ژاله روی شیشه نشسته بود و ژاکتش کاملاً خیس شده بود.,,,,ژ آغازین,,,SPK01_M_S_B_024,,,
B025,گفتار,B,پوشش واجی,ژ — کم‌بسامد ولی حیاتی,انرژی این پروژه از خود من هم بیشتر است.,,,,ژ میانی,,,SPK01_M_S_B_025,,,
B026,گفتار,B,پوشش واجی,ژ — کم‌بسامد ولی حیاتی,مژه‌هایش خیس بود ولی چیزی نگفت.,,,,ژ میان‌مصوتی,,,SPK01_M_S_B_026,,,
B027,گفتار,B,پوشش واجی,خوشه‌های صامت,فکر کردم مشکل حل شده، ولی سخت‌تر از قبل شد.,,,,کر / شک / خت,,,SPK01_M_S_B_027,,,
B028,گفتار,B,پوشش واجی,خوشه‌های صامت,شصت درصد برنامه‌ها به‌خاطر یک اشتباه کوچک مختل شد.,,,,صت / رصد / ختل,,,SPK01_M_S_B_028,,,
B029,گفتار,B,پوشش واجی,خوشه‌های صامت,پزشک گفت استراحت مطلق، ولی کسی گوش نداد.,,,,زشک / ستر / طلق,,,SPK01_M_S_B_029,,,
B030,گفتار,B,پوشش واجی,خوشه‌های صامت,صبر کن، فرصت هست، عجله فقط خرابش می‌کند.,,,,بر / رصت / قط,,,SPK01_M_S_B_030,,,
B031,گفتار,B,پوشش واجی,خوشه‌های صامت,دستم را بگیر و از این پله‌های لعنتی بیا پایین.,,,,ستم / گیر,,,SPK01_M_S_B_031,,,
B032,گفتار,B,پوشش واجی,تشدید,مخصوصاً وقتی مسئله جدی می‌شود، دقت بیشتری لازم است.,,,,صوصاً / سئله,,,SPK01_M_S_B_032,,,
B033,گفتار,B,پوشش واجی,تشدید,محمد مصمم بود که حتماً همین امشب برگردد.,,,,صمّم / حتماً,,,SPK01_M_S_B_033,,,
B034,گفتار,B,پوشش واجی,تشدید,اولین بار که دیدمش، فکر کردم بچهٔ محلمان است.,,,,اوّل / محلّ,,,SPK01_M_S_B_034,,,
B035,گفتار,B,پوشش واجی,تشدید,معطل نکن، مسئولیتش با من.,,,,عطّل / مسئولیّت,,,SPK01_M_S_B_035,,,
B036,گفتار,B,پوشش واجی,مصوت‌های شش‌گانه,سرِ کوچه، مردی با کتِ آبی زیر باران ایستاده بود.,,,,کسرهٔ اضافه، مصوت کوتاه,,,SPK01_M_S_B_036,,,
B037,گفتار,B,پوشش واجی,مصوت‌های شش‌گانه,او را روی پل دیدم، دور از شهر، تنها.,,,,او / اُ / ای,,,SPK01_M_S_B_037,,,
B038,گفتار,B,پوشش واجی,مصوت‌های شش‌گانه,بوی نان تازه از تنور بیرون می‌آمد.,,,,او کشیده + آ,,,SPK01_M_S_B_038,,,
B039,گفتار,B,پوشش واجی,مصوت‌های شش‌گانه,دلم یک چای داغ می‌خواهد و یک پنجرهٔ باز.,,,,اَ / آ / ای,,,SPK01_M_S_B_039,,,
B040,گفتار,B,پوشش واجی,مصوت‌های شش‌گانه,این کتاب را بیست سال پیش پدرم به من داد.,,,,ای کشیده,,,SPK01_M_S_B_040,,,
B041,گفتار,B,پوشش واجی,اعداد، تاریخ و شمارش,شمارهٔ من صفر نهصد و دوازده، سیصد و چهل و پنج، شصت و هفت، هشتاد و نه است.,,,,اعداد پیوسته — سرعت طبیعی,,,SPK01_M_S_B_041,,,
B042,گفتار,B,پوشش واجی,اعداد، تاریخ و شمارش,امروز بیست و یکم شهریور هزار و چهارصد و پنج است، ساعت هفت و بیست دقیقهٔ عصر.,,,,تاریخ و ساعت,,,SPK01_M_S_B_042,,,
B043,گفتار,B,پوشش واجی,اعداد، تاریخ و شمارش,قیمتش شد چهار میلیون و هشتصد و پنجاه هزار تومان، بدون تخفیف.,,,,مبلغ,,,SPK01_M_S_B_043,,,
B044,گفتار,B,پوشش واجی,وام‌واژه‌ها — در دوبله و محتوای امروزی خیلی زیادند,فایل را روی سرور آپلود کن و لینکش را برای من بفرست.,,,,واژه‌های انگلیسی در بافت فارسی,,,SPK01_M_S_B_044,,,
B045,گفتار,B,پوشش واجی,وام‌واژه‌ها — در دوبله و محتوای امروزی خیلی زیادند,اینترنت قطع شد و ویدئو کنفرانس وسط جلسه پرید.,,,,همان,,,SPK01_M_S_B_045,,,
B046,گفتار,B,پوشش واجی,وام‌واژه‌ها — در دوبله و محتوای امروزی خیلی زیادند,آدرس ایمیلم را در واتساپ برایت می‌فرستم.,,,,همان,,,SPK01_M_S_B_046,,,
B047,گفتار,B,پوشش واجی,جملات بلند — برای الگوی نوایی و مدیریت نفس,با اینکه از قبل گفته بودم دیر می‌رسم، باز هم همه منتظر ماندند تا من برسم و بعد شام را شروع کردند.,,,,یک نفس، بدون شتاب,,,SPK01_M_S_B_047,,,
B048,گفتار,B,پوشش واجی,جملات بلند — برای الگوی نوایی و مدیریت نفس,مسئله این نیست که چه کسی مقصر است؛ مسئله این است که از فردا باید چه کار کنیم تا دوباره تکرار نشود.,,,,مکث معنادار وسط جمله,,,SPK01_M_S_B_048,,,
B049,گفتار,B,پوشش واجی,جملات بلند — برای الگوی نوایی و مدیریت نفس,اگر یک بار دیگر، فقط یک بار دیگر، این حرف را جلوی بچه‌ها بزنی، دیگر هیچ‌وقت مرا اینجا نخواهی دید.,,,3,,,,SPK01_M_S_B_049,,,
B050,گفتار,B,پوشش واجی,جملات بلند — برای الگوی نوایی و مدیریت نفس,هرچه فکر می‌کنم، یادم نمی‌آید آن روز کجا بودم و چرا گوشی‌ام را جواب ندادم.,,,,تردید در لحن,,,SPK01_M_S_B_050,,,
B051,گفتار,B,پوشش واجی,آهنگ پرسشی — الگوی نوایی متفاوت,واقعاً فکر کردی متوجه نمی‌شوم؟,زیر,4,,,,,SPK01_M_S_B_051,,,
B052,گفتار,B,پوشش واجی,آهنگ پرسشی — الگوی نوایی متفاوت,کِی برمی‌گردی؟,زیر,4,,,,,SPK01_M_S_B_052,,,
B053,گفتار,B,پوشش واجی,آهنگ پرسشی — الگوی نوایی متفاوت,چرا هیچ‌کس چیزی به من نگفت؟,,,,پرسش گلایه‌آمیز,,,SPK01_M_S_B_053,,,
B054,گفتار,B,پوشش واجی,آهنگ پرسشی — الگوی نوایی متفاوت,مطمئنی حالت خوب است؟,,,2,,,,SPK01_M_S_B_054,,,
C001,گفتار,C,احساسات,شادی و سرخوشی,باورم نمی‌شه! قبول شدم! واقعاً قبول شدم!,زیر,4,4,سریع، با نفس بریده,,,SPK01_M_S_C_001,,,
C002,گفتار,C,احساسات,شادی و سرخوشی,بدو بیا اینجا، باید یه چیزی نشونت بدم!,زیر,4,4,با خنده در صدا,,,SPK01_M_S_C_002,,,
C003,گفتار,C,احساسات,شادی و سرخوشی,بهترین خبری بود که این ماه شنیدم.,طبیعی,3,3,شادی آرام، لبخند پشت جمله,,,SPK01_M_S_C_003,,,
C004,گفتار,C,احساسات,غم,دیگه هیچ‌وقت مثل قبل نمی‌شه، نه؟,بم,2,2,کند، با نفس سنگین,,,SPK01_M_S_C_004,,,
C005,گفتار,C,احساسات,غم,همه‌چی رو جمع کردم، فقط عکسا موند.,بم,2,2,خالی از احساس بیرونی، ولی سنگین,,,SPK01_M_S_C_005,,,
C006,گفتار,C,احساسات,غم,دلم می‌خواد یه ساعت هیچ‌کس هیچی ازم نپرسه.,بم,2,2,با کمی خش در انتها,,,SPK01_M_S_C_006,,,
C007,گفتار,C,احساسات,عصبانیت انفجاری,چند بار باید بگم؟! چند بار؟!,خیلی زیر,5,5,فریاد واقعی — ولی از گلو نه، از شکم,,,SPK01_M_S_C_007,,,
C008,گفتار,C,احساسات,عصبانیت انفجاری,دست به هیچی نزن! هیچی!,زیر,4,5,تیز و کوتاه,,,SPK01_M_S_C_008,,,
C009,گفتار,C,احساسات,عصبانیت انفجاری,برو بیرون. همین الان.,بم,2,4,بم ولی پرفشار — خطرناک‌تر از فریاد,,,SPK01_M_S_C_009,,,
C010,گفتار,C,احساسات,خشم سرد — لحنی که در فریاد پیدا نمی‌شود,خیلی خب. باشه. هر جور راحتی.,بم,2,2,کاملاً تخت، بدون هیچ رنگی,,,SPK01_M_S_C_010,,,
C011,گفتار,C,احساسات,خشم سرد — لحنی که در فریاد پیدا نمی‌شود,من چیزی نگفتم. تو خودت شنیدی چی گفتی.,بم,2,3,شمرده، با مکث بین جمله‌ها,,,SPK01_M_S_C_011,,,
C012,گفتار,C,احساسات,خشم سرد — لحنی که در فریاد پیدا نمی‌شود,یادم می‌مونه. مطمئن باش یادم می‌مونه.,خیلی بم,1,2,تقریباً زمزمه — صدای خش‌دار مجاز,,,SPK01_M_S_C_012,,,
C013,گفتار,C,احساسات,ترس,یه چیزی اون پشت تکون خورد... شنیدی؟,زیر,4,1,نجوای لرزان — نفس سطحی و تند,,,SPK01_M_S_C_013,,,
C014,گفتار,C,احساسات,ترس,نرو! تو رو خدا نرو اون تو!,خیلی زیر,5,5,فریاد وحشت‌زده، صدا بشکند اشکالی ندارد,,,SPK01_M_S_C_014,,,
C015,گفتار,C,احساسات,ترس,دستم داره می‌لرزه، نمی‌تونم نگهش دارم.,زیر,4,2,لرزش واقعی در صدا,,,SPK01_M_S_C_015,,,
C016,گفتار,C,احساسات,اضطراب و نگرانی,چرا جواب نمی‌ده؟ سه ساعته دارم زنگ می‌زنم.,طبیعی,3,3,تند و بی‌قرار,,,SPK01_M_S_C_016,,,
C017,گفتار,C,احساسات,اضطراب و نگرانی,اگه نرسیم چی؟ اگه در رو بسته باشن چی؟,زیر,4,3,سرعت رو به افزایش,,,SPK01_M_S_C_017,,,
C018,گفتار,C,احساسات,اضطراب و نگرانی,من نمی‌تونم آروم بشینم، تو چطوری آرومی؟,زیر,4,4,با لبهٔ عصبانیت,,,SPK01_M_S_C_018,,,
C019,گفتار,C,احساسات,تعجب,چی؟! کِی این اتفاق افتاد؟,خیلی زیر,5,4,پرش ناگهانی زیروبمی,,,SPK01_M_S_C_019,,,
C020,گفتار,C,احساسات,تعجب,نه بابا! خودش گفت؟,زیر,4,4,تعجب خوشایند,,,SPK01_M_S_C_020,,,
C021,گفتار,C,احساسات,تعجب,وایسا وایسا... تو از کجا می‌دونی؟,طبیعی,3,3,تعجب همراه با شک,,,SPK01_M_S_C_021,,,
C022,گفتار,C,احساسات,انزجار,اَه، این چه بویی می‌ده؟ بندازش دور.,بم,2,3,با چین دادن بینی — واقعاً,,,SPK01_M_S_C_022,,,
C023,گفتار,C,احساسات,انزجار,حتی نمی‌خوام راجع بهش فکر کنم.,بم,2,2,پس زدن، سرد,,,SPK01_M_S_C_023,,,
C024,گفتار,C,احساسات,انزجار,چطور تونستی؟ واقعاً چطور تونستی؟,طبیعی,3,4,انزجار آمیخته به بغض,,,SPK01_M_S_C_024,,,
C025,گفتار,C,احساسات,محبت,خوشحالم که هستی. همین.,بم,2,2,گرم، آرام، بدون شتاب,,,SPK01_M_S_C_025,,,
C026,گفتار,C,احساسات,محبت,بخواب، من بیدارم. چیزی نیست.,بم,2,1,نجوای مهربان — نزدیک میکروفن,,,SPK01_M_S_C_026,,,
C027,گفتار,C,احساسات,محبت,هر جا بری، من همین‌جام.,طبیعی,3,2,محکم ولی نرم,,,SPK01_M_S_C_027,,,
C028,گفتار,C,احساسات,دلتنگی,صدات که میاد، انگار هیچی عوض نشده.,بم,2,2,با لبخند تلخ,,,SPK01_M_S_C_028,,,
C029,گفتار,C,احساسات,دلتنگی,هنوز فنجونش رو نشستم.,بم,2,2,ساده، بدون اغراق — سنگینی در سکوت بعدش است,,,SPK01_M_S_C_029,,,
C030,گفتار,C,احساسات,دلتنگی,امسال هم جای خالیش سرِ سفره بود.,خیلی بم,1,2,با بغض فروخورده,,,SPK01_M_S_C_030,,,
C031,گفتار,C,احساسات,خستگی,من دیگه نمی‌تونم. جدی می‌گم، دیگه نمی‌تونم.,خیلی بم,1,2,کند، کشیده، با بازدم سنگین,,,SPK01_M_S_C_031,,,
C032,گفتار,C,احساسات,خستگی,بذار فردا. هرچی هست بذار فردا.,خیلی بم,1,1,تقریباً بی‌رمق,,,SPK01_M_S_C_032,,,
C033,گفتار,C,احساسات,خستگی,چشمام باز نمی‌شه، دو شبه نخوابیدم.,بم,2,2,با خمیازه در صدا,,,SPK01_M_S_C_033,,,
C034,گفتار,C,احساسات,طعنه,آفرین، عالی بود. واقعاً درخشیدی.,طبیعی,3,3,لحن ستایش، معنای برعکس — کشش روی «عالی»,,,SPK01_M_S_C_034,,,
C035,گفتار,C,احساسات,طعنه,نه، معلومه که تقصیر تو نیست. هیچ‌وقت نیست.,طبیعی,3,3,آرام و نیشدار,,,SPK01_M_S_C_035,,,
C036,گفتار,C,احساسات,طعنه,چه به‌موقع. دقیقاً وقتی که همه‌چی تموم شده.,بم,2,3,با پوزخند شنیدنی,,,SPK01_M_S_C_036,,,
C037,گفتار,C,احساسات,آرامش و اطمینان‌بخشی,نفس بکش. همه‌چی درست می‌شه.,بم,2,2,کند، هر کلمه جدا,,,SPK01_M_S_C_037,,,
C038,گفتار,C,احساسات,آرامش و اطمینان‌بخشی,وقت هست. عجله‌ای نیست.,بم,2,2,ثابت و بدون نوسان,,,SPK01_M_S_C_038,,,
C039,گفتار,C,احساسات,آرامش و اطمینان‌بخشی,من اینجام، تو فقط حرفت رو بزن.,طبیعی,3,2,گرم و بی‌فشار,,,SPK01_M_S_C_039,,,
C040,گفتار,C,احساسات,امیدواری,هنوز دیر نشده، می‌تونیم درستش کنیم.,طبیعی,3,3,رو به بالا در پایان جمله,,,SPK01_M_S_C_040,,,
C041,گفتار,C,احساسات,امیدواری,یه راهی پیدا می‌کنیم، همیشه پیدا کردیم.,طبیعی,3,3,با اطمینان,,,SPK01_M_S_C_041,,,
C042,گفتار,C,احساسات,امیدواری,فردا رو از الان نبازیم.,زیر,4,3,کمی برانگیزاننده,,,SPK01_M_S_C_042,,,
C043,گفتار,C,احساسات,ناامیدی,دیگه فرقی نمی‌کنه چی کار کنیم.,خیلی بم,1,2,تخت و افتاده,,,SPK01_M_S_C_043,,,
C044,گفتار,C,احساسات,ناامیدی,هرکاری کردم. واقعاً هرکاری از دستم برمی‌اومد کردم.,بم,2,3,با بغض شکسته وسط جمله,,,SPK01_M_S_C_044,,,
C045,گفتار,C,احساسات,ناامیدی,بذار تموم شه. فقط بذار تموم شه.,خیلی بم,1,1,زمزمه، صدای خش‌دار,,,SPK01_M_S_C_045,,,
C046,گفتار,C,احساسات,شرمندگی,من... معذرت می‌خوام. اشتباه از من بود.,بم,2,2,با مکث و تردید واقعی,,,SPK01_M_S_C_046,,,
C047,گفتار,C,احساسات,شرمندگی,نمی‌دونم چطور تو چشمات نگاه کنم.,بم,2,2,صدای فرورفته,,,SPK01_M_S_C_047,,,
C048,گفتار,C,احساسات,شرمندگی,حق داری ازم دلخور باشی.,بم,2,2,پذیرنده,,,SPK01_M_S_C_048,,,
C049,گفتار,C,احساسات,التماس,تو رو خدا، فقط یه بار دیگه گوش کن.,زیر,4,3,صدای شکننده در بالا,,,SPK01_M_S_C_049,,,
C050,گفتار,C,احساسات,التماس,نرو. خواهش می‌کنم نرو.,زیر,4,4,با گریه در صدا,,,SPK01_M_S_C_050,,,
C051,گفتار,C,احساسات,التماس,هرکاری بگی می‌کنم، فقط این یکی رو نه.,طبیعی,3,3,تند و بی‌نفس,,,SPK01_M_S_C_051,,,
C052,گفتار,C,احساسات,تهدید,دفعهٔ آخرت باشه.,خیلی بم,1,3,کوتاه، بم، بدون احساس,,,SPK01_M_S_C_052,,,
C053,گفتار,C,احساسات,تهدید,اگه یه بار دیگه ببینمت اینجا، خودت می‌دونی.,بم,2,3,شمرده، با مکث قبل از «خودت»,,,SPK01_M_S_C_053,,,
C054,گفتار,C,احساسات,تهدید,من هیچی نمی‌گم. ولی فراموش هم نمی‌کنم.,خیلی بم,1,2,آرام‌ترین و ترسناک‌ترین حالت ممکن,,,SPK01_M_S_C_054,,,
D001,گفتار,D,شبکهٔ رنج,D-۱ · «باورم نمی‌شود این اتفاق افتاده باشد.»,باورم نمی‌شود این اتفاق افتاده باشد.,خیلی بم,1,1,نجوای بم — کنار گوش کسی در تاریکی,,,SPK01_M_S_D_001,,,
D002,گفتار,D,شبکهٔ رنج,D-۱ · «باورم نمی‌شود این اتفاق افتاده باشد.»,باورم نمی‌شود این اتفاق افتاده باشد.,بم,2,2,آرام و پایین,,,SPK01_M_S_D_002,,,
D003,گفتار,D,شبکهٔ رنج,D-۱ · «باورم نمی‌شود این اتفاق افتاده باشد.»,باورم نمی‌شود این اتفاق افتاده باشد.,طبیعی,3,3,کاملاً عادی — پایهٔ مقایسه,,,SPK01_M_S_D_003,,,
D004,گفتار,D,شبکهٔ رنج,D-۱ · «باورم نمی‌شود این اتفاق افتاده باشد.»,باورم نمی‌شود این اتفاق افتاده باشد.,زیر,4,4,بلند و بالا — صدا زدن از اتاق بغل,,,SPK01_M_S_D_004,,,
D005,گفتار,D,شبکهٔ رنج,D-۱ · «باورم نمی‌شود این اتفاق افتاده باشد.»,باورم نمی‌شود این اتفاق افتاده باشد.,خیلی زیر,5,5,فریاد در اوج رنج,,,SPK01_M_S_D_005,,,
D006,گفتار,D,شبکهٔ رنج,D-۲ · «در را ببند و بیا بنشین.»,در را ببند و بیا بنشین.,خیلی بم,1,1,نجوای بم,,,SPK01_M_S_D_006,,,
D007,گفتار,D,شبکهٔ رنج,D-۲ · «در را ببند و بیا بنشین.»,در را ببند و بیا بنشین.,بم,2,2,آرام و پایین,,,SPK01_M_S_D_007,,,
D008,گفتار,D,شبکهٔ رنج,D-۲ · «در را ببند و بیا بنشین.»,در را ببند و بیا بنشین.,طبیعی,3,3,عادی,,,SPK01_M_S_D_008,,,
D009,گفتار,D,شبکهٔ رنج,D-۲ · «در را ببند و بیا بنشین.»,در را ببند و بیا بنشین.,زیر,4,4,بلند,,,SPK01_M_S_D_009,,,
D010,گفتار,D,شبکهٔ رنج,D-۲ · «در را ببند و بیا بنشین.»,در را ببند و بیا بنشین.,خیلی زیر,5,5,فریاد,,,SPK01_M_S_D_010,,,
D011,گفتار,D,شبکهٔ رنج,D-۳ · «فردا صبح ساعت هشت آنجا باش.»,فردا صبح ساعت هشت آنجا باش.,خیلی بم,1,1,نجوای بم,,,SPK01_M_S_D_011,,,
D012,گفتار,D,شبکهٔ رنج,D-۳ · «فردا صبح ساعت هشت آنجا باش.»,فردا صبح ساعت هشت آنجا باش.,بم,2,2,آرام و پایین,,,SPK01_M_S_D_012,,,
D013,گفتار,D,شبکهٔ رنج,D-۳ · «فردا صبح ساعت هشت آنجا باش.»,فردا صبح ساعت هشت آنجا باش.,طبیعی,3,3,عادی,,,SPK01_M_S_D_013,,,
D014,گفتار,D,شبکهٔ رنج,D-۳ · «فردا صبح ساعت هشت آنجا باش.»,فردا صبح ساعت هشت آنجا باش.,زیر,4,4,بلند,,,SPK01_M_S_D_014,,,
D015,گفتار,D,شبکهٔ رنج,D-۳ · «فردا صبح ساعت هشت آنجا باش.»,فردا صبح ساعت هشت آنجا باش.,خیلی زیر,5,5,فریاد,,,SPK01_M_S_D_015,,,
D016,گفتار,D,شبکهٔ رنج,D-۴ · «هیچ‌کس نمی‌داند بعد از این چه می‌شود.»,هیچ‌کس نمی‌داند بعد از این چه می‌شود.,خیلی بم,1,1,نجوای بم,,,SPK01_M_S_D_016,,,
D017,گفتار,D,شبکهٔ رنج,D-۴ · «هیچ‌کس نمی‌داند بعد از این چه می‌شود.»,هیچ‌کس نمی‌داند بعد از این چه می‌شود.,بم,2,2,آرام و پایین,,,SPK01_M_S_D_017,,,
D018,گفتار,D,شبکهٔ رنج,D-۴ · «هیچ‌کس نمی‌داند بعد از این چه می‌شود.»,هیچ‌کس نمی‌داند بعد از این چه می‌شود.,طبیعی,3,3,عادی,,,SPK01_M_S_D_018,,,
D019,گفتار,D,شبکهٔ رنج,D-۴ · «هیچ‌کس نمی‌داند بعد از این چه می‌شود.»,هیچ‌کس نمی‌داند بعد از این چه می‌شود.,زیر,4,4,بلند,,,SPK01_M_S_D_019,,,
D020,گفتار,D,شبکهٔ رنج,D-۴ · «هیچ‌کس نمی‌داند بعد از این چه می‌شود.»,هیچ‌کس نمی‌داند بعد از این چه می‌شود.,خیلی زیر,5,5,فریاد,,,SPK01_M_S_D_020,,,
D021,گفتار,D,شبکهٔ رنج,D-۵ · «اسم من را از کجا می‌دانی؟»,اسم من را از کجا می‌دانی؟,خیلی بم,1,1,نجوای بم,,,SPK01_M_S_D_021,,,
D022,گفتار,D,شبکهٔ رنج,D-۵ · «اسم من را از کجا می‌دانی؟»,اسم من را از کجا می‌دانی؟,بم,2,2,آرام و پایین,,,SPK01_M_S_D_022,,,
D023,گفتار,D,شبکهٔ رنج,D-۵ · «اسم من را از کجا می‌دانی؟»,اسم من را از کجا می‌دانی؟,طبیعی,3,3,عادی,,,SPK01_M_S_D_023,,,
D024,گفتار,D,شبکهٔ رنج,D-۵ · «اسم من را از کجا می‌دانی؟»,اسم من را از کجا می‌دانی؟,زیر,4,4,بلند,,,SPK01_M_S_D_024,,,
D025,گفتار,D,شبکهٔ رنج,D-۵ · «اسم من را از کجا می‌دانی؟»,اسم من را از کجا می‌دانی؟,خیلی زیر,5,5,فریاد,,,SPK01_M_S_D_025,,,
E001,گفتار,E,گذار احساسی,,داشتم می‌خندیدم که یادم افتاد ··· تو که قول داده بودی.,,,,شادی ← دلخوری,,,SPK01_M_S_E_001,,,
E002,گفتار,E,گذار احساسی,,نگران نباش، همه‌چی مرتبه ··· نه. نیست. هیچی مرتب نیست.,,,,اطمینان ← فروپاشی,,,SPK01_M_S_E_002,,,
E003,گفتار,E,گذار احساسی,,سلام! چه عجب! ··· چی شده؟ چرا رنگت پریده؟,,,,شادی ← نگرانی,,,SPK01_M_S_E_003,,,
E004,گفتار,E,گذار احساسی,,باشه، مشکلی نیست، درکت می‌کنم ··· نه! نمی‌کنم! اصلاً درک نمی‌کنم!,,,,آرامش ← انفجار,,,SPK01_M_S_E_004,,,
E005,گفتار,E,گذار احساسی,,آره، دیدمش. خوب بود ··· خیلی خوب بود.,,,,خنثی ← دلتنگی فروخورده,,,SPK01_M_S_E_005,,,
E006,گفتار,E,گذار احساسی,,اول ترسیدم ··· بعد فهمیدم خودشه ··· بعد نمی‌دونستم بخندم یا گریه کنم.,,,,ترس ← تعجب ← بغض (سه‌مرحله‌ای),,,SPK01_M_S_E_006,,,
E007,گفتار,E,گذار احساسی,,بهت گفتم نرو! گفتم یا نگفتم؟ ··· ببخشید. ببخشید، حالت خوبه؟,,,,عصبانیت ← پشیمانی,,,SPK01_M_S_E_007,,,
E008,گفتار,E,گذار احساسی,,خیلی خب، بریم سراغش ··· وایسا. یه چیزی درست نیست.,,,,تصمیم ← شک,,,SPK01_M_S_E_008,,,
E009,گفتار,E,گذار احساسی,,قبول شدی؟ ··· قبول شدی! خدای من، قبول شدی!,,,,ناباوری ← شادی انفجاری,,,SPK01_M_S_E_009,,,
E010,گفتار,E,گذار احساسی,,من خستم. واقعاً خستم ··· ولی باشه. بلند شو بریم.,,,,خستگی ← اراده,,,SPK01_M_S_E_010,,,
E011,گفتار,E,گذار احساسی,,چیزی نیست، فقط یه خراش کوچیکه ··· خون داره میاد. کمک!,,,,بی‌اهمیتی ← وحشت,,,SPK01_M_S_E_011,,,
E012,گفتار,E,گذار احساسی,,دوستت دارم. همیشه داشتم ··· برای همین دارم می‌رم.,,,,محبت ← تصمیم تلخ,,,SPK01_M_S_E_012,,,
F001,گفتار,F,غیرکلامی,,نفس عمیق از بینی,,,,آرام,,,SPK01_M_S_F_001,,,
F002,گفتار,F,غیرکلامی,,نفس عمیق از دهان,,,,شنیدنی,,,SPK01_M_S_F_002,,,
F003,گفتار,F,غیرکلامی,,بازدم لرزان,,,,بعد از گریه,,,SPK01_M_S_F_003,,,
F004,گفتار,F,غیرکلامی,,آه کوتاه,,,,,,,SPK01_M_S_F_004,,,
F005,گفتار,F,غیرکلامی,,آه بلند و کشیده,,,,۴ ثانیه,,,SPK01_M_S_F_005,,,
F006,گفتار,F,غیرکلامی,,خمیازه با صدا,,,,,,,SPK01_M_S_F_006,,,
F007,گفتار,F,غیرکلامی,,تک‌خنده,,,,یک هجا,,,SPK01_M_S_F_007,,,
F008,گفتار,F,غیرکلامی,,خندهٔ معمولی,,,,۳ ثانیه,,,SPK01_M_S_F_008,,,
F009,گفتار,F,غیرکلامی,,قهقهه,,,,۴ ثانیه، رها,,,SPK01_M_S_F_009,,,
F010,گفتار,F,غیرکلامی,,خندهٔ خفه,,,,جلوی خنده را گرفتن,,,SPK01_M_S_F_010,,,
F011,گفتار,F,غیرکلامی,,پوزخند صدادار,,,,,,,SPK01_M_S_F_011,,,
F012,گفتار,F,غیرکلامی,,هق‌هق آرام,,,,۵ ثانیه,,,SPK01_M_S_F_012,,,
F013,گفتار,F,غیرکلامی,,گریهٔ بلند,,,,۵ ثانیه,,,SPK01_M_S_F_013,,,
F014,گفتار,F,غیرکلامی,,بغض — «چیزی نیست، خوبم.»,,,,با صدای گرفته,,,SPK01_M_S_F_014,,,
F015,گفتار,F,غیرکلامی,,سرفهٔ خشک,,,,دو بار,,,SPK01_M_S_F_015,,,
F016,گفتار,F,غیرکلامی,,تک‌سرفهٔ تصنعی,,,,جلب توجه,,,SPK01_M_S_F_016,,,
F017,گفتار,F,غیرکلامی,,صاف کردن گلو,,,,اِهم,,,SPK01_M_S_F_017,,,
F018,گفتار,F,غیرکلامی,,فین کردن,,,,,,,SPK01_M_S_F_018,,,
F019,گفتار,F,غیرکلامی,,«اِ...»,,,,مکث پرشده,,,SPK01_M_S_F_019,,,
F020,گفتار,F,غیرکلامی,,«اومم...»,,,,فکر کردن,,,SPK01_M_S_F_020,,,
F021,گفتار,F,غیرکلامی,,«خُب...»,,,,کشیده,,,SPK01_M_S_F_021,,,
F022,گفتار,F,غیرکلامی,,«هووم»,,,,تأیید، بسته‌دهان,,,SPK01_M_S_F_022,,,
F023,گفتار,F,غیرکلامی,,«اوهوم» و «نچ»,,,,بله و نه بی‌کلام,,,SPK01_M_S_F_023,,,
F024,گفتار,F,غیرکلامی,,«آخ!»,,,,درد ناگهانی,,,SPK01_M_S_F_024,,,
F025,گفتار,F,غیرکلامی,,«آی آی آی»,,,,درد ادامه‌دار,,,SPK01_M_S_F_025,,,
F026,گفتار,F,غیرکلامی,,«هان؟» / «ها؟»,,,,نشنیدن,,,SPK01_M_S_F_026,,,
F027,گفتار,F,غیرکلامی,,«اَه!»,,,,انزجار,,,SPK01_M_S_F_027,,,
F028,گفتار,F,غیرکلامی,,«هن!»,,,,تلاش فیزیکی,,,SPK01_M_S_F_028,,,
F029,گفتار,F,غیرکلامی,,سوت کوتاه,,,,,,,SPK01_M_S_F_029,,,
F030,گفتار,F,غیرکلامی,,تق‌تق زبان,,,,افسوس,,,SPK01_M_S_F_030,,,
F031,گفتار,F,غیرکلامی,,پچ‌پچ نامفهوم,,,,۵ ثانیه,,,SPK01_M_S_F_031,,,
F032,گفتار,F,غیرکلامی,,زمزمهٔ بی‌کلام,,,,روی سه ارتفاع مختلف,,,SPK01_M_S_F_032,,,
G001,گفتار,G,گفتار آزاد,,مسیر خانه‌تان را برای یک غریبه توضیح دهید.,,,,گفتار توضیحی، مکث‌های طبیعی، تصحیح خود,,,SPK01_M_S_G_001,,,
G002,گفتار,G,گفتار آزاد,,خنده‌دارترین اتفاقی که برایتان افتاده را تعریف کنید.,,,,خنده در حین حرف زدن — چیزی که ساختنی نیست,,,SPK01_M_S_G_002,,,
G003,گفتار,G,گفتار آزاد,,تلفنی با یک شرکت بابت قبض اشتباه بحث کنید.,,,,عصبانیت مؤدبانه، بالا رفتن تدریجی لحن,,,SPK01_M_S_G_003,,,
G004,گفتار,G,گفتار آزاد,,یک بچهٔ ترسیده را آرام کنید.,,,,لحن نرم و بالا، ساده‌سازی,,,SPK01_M_S_G_004,,,
G005,گفتار,G,گفتار آزاد,,یک موضوع کاری را در یک جلسهٔ رسمی توضیح دهید.,,,,ثبت رسمی — دقیقاً برعکس بقیهٔ بلوک,,,SPK01_M_S_G_005,,,
G006,گفتار,G,گفتار آزاد,,یک خاطرهٔ تلخ را تعریف کنید.,,,,بغض طبیعی، مکث‌های سنگین,,,SPK01_M_S_G_006,,,
G007,گفتار,G,گفتار آزاد,,سایه‌خوانی: یک صحنهٔ ۳ تا ۵ دقیقه‌ای از همان جنس محتوایی که قرار است تبدیل کنید انتخاب کنید و همزمان با هدفون، آن را دوبله کنید.,,,,باارزش‌ترین سه دقیقهٔ کل جلسه. اینجا گوینده در همان دامنه‌ای صدا تولید می‌کند که مدل قرار است در آن کار کند. حتماً هدفون بسته و ولوم پایین.,,,SPK01_M_S_G_007,,,
H001,آواز,H,گرم کردن,,لیپ‌ترنل (لرزاندن لب‌ها) روی اسکیل پنج‌نتی، صعودی و نزولی,,,,از P2 تا P4، کروماتیک,,,SPK01_M_V_H_001,,,
H002,آواز,H,گرم کردن,,هامینگ بسته‌دهان روی P2، P3 و P4,,,,هر کدام ۵ ثانیه,,,SPK01_M_V_H_002,,,
H003,آواز,H,گرم کردن,,سیرن صعودی — از P1 تا P5 روی مصوت «او»، پیوسته و بدون شکست,,,,مهم: همهٔ نقاط رنج در یک فایل — گنجینهٔ اطلاعاتی,,,SPK01_M_V_H_003,,,
H004,آواز,H,گرم کردن,,سیرن نزولی — از P5 تا P1,,,,همان، برعکس,,,SPK01_M_V_H_004,,,
H005,آواز,H,گرم کردن,,تمرین «نگ» صعودی روی پنج نت,,,,تشدید تشدیدگرهای بینی,,,SPK01_M_V_H_005,,,
H006,آواز,H,گرم کردن,,«مَه‑مِه‑می‑مو‑مو» روی اسکیل پنج‌نتی,,,,پوشش مصوت در آواز,,,SPK01_M_V_H_006,,,
H007,آواز,H,گرم کردن,,مصوت «آ» ثابت روی P3، ۱۰ ثانیه,,,,کنترل نفس,,,SPK01_M_V_H_007,,,
H008,آواز,H,گرم کردن,,صدای «س» ممتد، ۲۰ ثانیه,,,,کالیبراسیون فشار نفس,,,SPK01_M_V_H_008,,,
I001,آواز,I,مصوت‌های کشیده,,آ /ɒ/,P1,,,,,,SPK01_M_V_I_001,,,
I002,آواز,I,مصوت‌های کشیده,,آ,P2,,,,,,SPK01_M_V_I_002,,,
I003,آواز,I,مصوت‌های کشیده,,آ,P3,,,,,,SPK01_M_V_I_003,,,
I004,آواز,I,مصوت‌های کشیده,,آ,P4,,,,,,SPK01_M_V_I_004,,,
I005,آواز,I,مصوت‌های کشیده,,آ,P5,,,,,,SPK01_M_V_I_005,,,
I006,آواز,I,مصوت‌های کشیده,,اِ /e/,P1,,,,,,SPK01_M_V_I_006,,,
I007,آواز,I,مصوت‌های کشیده,,اِ,P2,,,,,,SPK01_M_V_I_007,,,
I008,آواز,I,مصوت‌های کشیده,,اِ,P3,,,,,,SPK01_M_V_I_008,,,
I009,آواز,I,مصوت‌های کشیده,,اِ,P4,,,,,,SPK01_M_V_I_009,,,
I010,آواز,I,مصوت‌های کشیده,,اِ,P5,,,,,,SPK01_M_V_I_010,,,
I011,آواز,I,مصوت‌های کشیده,,اُ /o/,P1,,,,,,SPK01_M_V_I_011,,,
I012,آواز,I,مصوت‌های کشیده,,اُ,P2,,,,,,SPK01_M_V_I_012,,,
I013,آواز,I,مصوت‌های کشیده,,اُ,P3,,,,,,SPK01_M_V_I_013,,,
I014,آواز,I,مصوت‌های کشیده,,اُ,P4,,,,,,SPK01_M_V_I_014,,,
I015,آواز,I,مصوت‌های کشیده,,اُ,P5,,,,,,SPK01_M_V_I_015,,,
I016,آواز,I,مصوت‌های کشیده,,اَ /æ/,P1,,,,,,SPK01_M_V_I_016,,,
I017,آواز,I,مصوت‌های کشیده,,اَ,P2,,,,,,SPK01_M_V_I_017,,,
I018,آواز,I,مصوت‌های کشیده,,اَ,P3,,,,,,SPK01_M_V_I_018,,,
I019,آواز,I,مصوت‌های کشیده,,اَ,P4,,,,,,SPK01_M_V_I_019,,,
I020,آواز,I,مصوت‌های کشیده,,اَ,P5,,,,,,SPK01_M_V_I_020,,,
I021,آواز,I,مصوت‌های کشیده,,ای /i/,P1,,,,,,SPK01_M_V_I_021,,,
I022,آواز,I,مصوت‌های کشیده,,ای,P2,,,,,,SPK01_M_V_I_022,,,
I023,آواز,I,مصوت‌های کشیده,,ای,P3,,,,,,SPK01_M_V_I_023,,,
I024,آواز,I,مصوت‌های کشیده,,ای,P4,,,,,,SPK01_M_V_I_024,,,
I025,آواز,I,مصوت‌های کشیده,,ای,P5,,,,,,SPK01_M_V_I_025,,,
I026,آواز,I,مصوت‌های کشیده,,او /u/,P1,,,,,,SPK01_M_V_I_026,,,
I027,آواز,I,مصوت‌های کشیده,,او,P2,,,,,,SPK01_M_V_I_027,,,
I028,آواز,I,مصوت‌های کشیده,,او,P3,,,,,,SPK01_M_V_I_028,,,
I029,آواز,I,مصوت‌های کشیده,,او,P4,,,,,,SPK01_M_V_I_029,,,
I030,آواز,I,مصوت‌های کشیده,,او,P5,,,,,,SPK01_M_V_I_030,,,
J001,آواز,J,اسکیل و آرپژ,,اسکیل پنج‌نتی صعودی-نزولی روی «آ»، کروماتیک از P1 تا P5,,,,سرعت متوسط,,,SPK01_M_V_J_001,,,
J002,آواز,J,اسکیل و آرپژ,,همان روی «ای»,,,,,,,SPK01_M_V_J_002,,,
J003,آواز,J,اسکیل و آرپژ,,آرپژ ماژور ‎ ۱‑۳‑۵‑۸‑۵‑۳‑۱ ‎ روی «آ»، سه ارتفاع مختلف,,,,P2، P3، P4,,,SPK01_M_V_J_003,,,
J004,آواز,J,اسکیل و آرپژ,,آرپژ مینور، همان سه ارتفاع,,,,,,,SPK01_M_V_J_004,,,
J005,آواز,J,اسکیل و آرپژ,,اسکیل اکتاو کامل صعودی-نزولی روی «آ»,,,,از P2,,,SPK01_M_V_J_005,,,
J006,آواز,J,اسکیل و آرپژ,,پرش اکتاو ‎ ۱‑۸‑۱ ‎، سه بار در ارتفاع‌های مختلف,,,,تست گذار رجیستر — اگر صدا شکست، عالی است، همان را نگه دارید,,,SPK01_M_V_J_006,,,
J007,آواز,J,اسکیل و آرپژ,,اسکیل کروماتیک آهسته، یک اکتاو,,,,هر نت ۱ ثانیه,,,SPK01_M_V_J_007,,,
J008,آواز,J,اسکیل و آرپژ,,اسکیل سریع (شانزدهم) روی «آ»,,,,تا جایی که تمیز درمی‌آید,,,SPK01_M_V_J_008,,,
J009,آواز,J,اسکیل و آرپژ,,اسکیل نزولی از P5 تا P1، پیوسته,,,,,,,SPK01_M_V_J_009,,,
J010,آواز,J,اسکیل و آرپژ,,آرپژ روی «او» با صدای فالستو (مرد) یا صدای سر (زن),,,,در بالای رنج,,,SPK01_M_V_J_010,,,
K001,آواز,K,ویبراتو,,بدون ویبراتو، کاملاً صاف (straight tone),P3,,,سخت‌تر از چیزی است که به نظر می‌رسد — تمرکز کنید,,,SPK01_M_V_K_001,,,
K002,آواز,K,ویبراتو,,ویبراتوی کم‌عمق,P3,,,نوسان ظریف,,,SPK01_M_V_K_002,,,
K003,آواز,K,ویبراتو,,ویبراتوی عمیق,P3,,,دامنهٔ زیاد,,,SPK01_M_V_K_003,,,
K004,آواز,K,ویبراتو,,ویبراتوی آهسته,P3,,,حدود ۴ نوسان در ثانیه,,,SPK01_M_V_K_004,,,
K005,آواز,K,ویبراتو,,ویبراتوی سریع,P3,,,حدود ۷ نوسان در ثانیه,,,SPK01_M_V_K_005,,,
K006,آواز,K,ویبراتو,,شروع صاف، ورود تدریجی ویبراتو,P3,,,پرکاربردترین حالت در آواز واقعی,,,SPK01_M_V_K_006,,,
K007,آواز,K,ویبراتو,,همان، در بالای رنج,P4–P5,,,,,,SPK01_M_V_K_007,,,
K008,آواز,K,ویبراتو,,همان، در پایین رنج,P1–P2,,,,,,SPK01_M_V_K_008,,,
L001,آواز,L,دینامیک,,از آرام‌ترین به بلندترین و برگشت، روی یک نت — ۱۰ ثانیه,P3,,,messa di voce — مهم‌ترین تمرین این بلوک,,,SPK01_M_V_L_001,,,
L002,آواز,L,دینامیک,,همان,P4,,,,,,SPK01_M_V_L_002,,,
L003,آواز,L,دینامیک,,همان,P2,,,,,,SPK01_M_V_L_003,,,
L004,آواز,L,دینامیک,,شروع آرام، انفجار ناگهانی به بلند,P3,,,subito forte,,,SPK01_M_V_L_004,,,
L005,آواز,L,دینامیک,,نت ثابت در آرام‌ترین حالت ممکن — ۸ ثانیه,P3,,,نزدیک نفس، ولی هنوز نت‌دار,,,SPK01_M_V_L_005,,,
L006,آواز,L,دینامیک,,نت ثابت در بلندترین حالت ممکن — ۶ ثانیه,P4,,,مراقب کلیپ باشید,,,SPK01_M_V_L_006,,,
M001,آواز,M,رجیسترها,,صدای سینه‌ای خالص,P1–P2,,,غلیظ و پر,,,SPK01_M_V_M_001,,,
M002,آواز,M,رجیسترها,,صدای سینه‌ای در بالاترین حد راحت,P3–P4,,,تا قبل از فشار,,,SPK01_M_V_M_002,,,
M003,آواز,M,رجیسترها,,صدای میکس,P3–P4,,,بین سینه و سر,,,SPK01_M_V_M_003,,,
M004,آواز,M,رجیسترها,,فالستو (مرد) / صدای سر (زن),P3,,,سبک و بی‌فشار,,,SPK01_M_V_M_004,,,
M005,آواز,M,رجیسترها,,فالستو / صدای سر در بالا,P5,,,,,,SPK01_M_V_M_005,,,
M006,آواز,M,رجیسترها,,گلیساندوی پیوسته: سینه ← میکس ← سر,P1–P5,,,بدون شکست، آهسته,,,SPK01_M_V_M_006,,,
M007,آواز,M,رجیسترها,,گلیساندوی برعکس: سر ← میکس ← سینه,P1–P5,,,,,,SPK01_M_V_M_007,,,
M008,آواز,M,رجیسترها,,عبور عمدی از نقطهٔ شکست، با شکست شنیدنی,P3,,,این «خرابی» نیست — دیتای باارزشی است,,,SPK01_M_V_M_008,,,
M009,آواز,M,رجیسترها,,بلت — بالاترین نتی که با قدرت می‌خوانید,P4–P5,,,سه بار، هر بار ۳ ثانیه. اگر درد گرفت، متوقف کنید.,,,SPK01_M_V_M_009,,,
M010,آواز,M,رجیسترها,,صدای نفس‌آلود (breathy),P3,,,امضای صوتی بالادها,,,SPK01_M_V_M_010,,,
N001,آواز,N,تحریر,,تحریر کوتاه نزولی، سه‌تایی,,,,روی «آ»، سه ارتفاع مختلف,,,SPK01_M_V_N_001,,,
N002,آواز,N,تحریر,,تحریر بلند نزولی,,,,۵ تا ۶ ثانیه,,,SPK01_M_V_N_002,,,
N003,آواز,N,تحریر,,تحریر صعودی,,,,,,,SPK01_M_V_N_003,,,
N004,آواز,N,تحریر,,تحریر سریع (چهچهه),,,,تا جایی که تمیز است,,,SPK01_M_V_N_004,,,
N005,آواز,N,تحریر,,تحریر آهسته و کشیده,,,,هر ضربه واضح و جدا,,,SPK01_M_V_N_005,,,
N006,آواز,N,تحریر,,آواز آزاد بدون ضرب، روی یک بیت شعر,,,,۲۰ ثانیه — شعر انتخاب خودتان,,,SPK01_M_V_N_006,,,
N007,آواز,N,تحریر,,کشش بلند با تحریر در انتها,,,,۸ ثانیه,,,SPK01_M_V_N_007,,,
N008,آواز,N,تحریر,,گردش بداهه در یک گوشه,,,,۳۰ ثانیه، آزاد,,,SPK01_M_V_N_008,,,
O001,آواز,O,سبک‌ها,پاپ,عبارت پایه، رنج محاوره‌ای، خوانش ساده ‖ متن: یه شب دیگه، یه راه دیگه، / بذار ببینم فردا چی می‌شه. / هرچی گذشت، گذشت و رفت، / من موندم و همین یه لحظه.,P2–P3,,,بدون تزئین,,,SPK01_M_V_O_001,,,
O002,آواز,O,سبک‌ها,پاپ,همان عبارت، در اوج پاپ با بلت ‖ متن: یه شب دیگه، یه راه دیگه، / بذار ببینم فردا چی می‌شه. / هرچی گذشت، گذشت و رفت، / من موندم و همین یه لحظه.,P4–P5,,,پرقدرت,,,SPK01_M_V_O_002,,,
O003,آواز,O,سبک‌ها,پاپ,همان عبارت با ملیزم و تزئین پاپ ‖ متن: یه شب دیگه، یه راه دیگه، / بذار ببینم فردا چی می‌شه. / هرچی گذشت، گذشت و رفت، / من موندم و همین یه لحظه.,P3–P4,,,گردش روی هجاهای پایانی,,,SPK01_M_V_O_003,,,
O004,آواز,O,سبک‌ها,بالاد,عبارت پایه، آرام و نفس‌آلود ‖ متن: یه شب دیگه، یه راه دیگه، / بذار ببینم فردا چی می‌شه. / هرچی گذشت، گذشت و رفت، / من موندم و همین یه لحظه.,P2–P3,,,نزدیک میکروفن، تقریباً زمزمه,,,SPK01_M_V_O_004,,,
O005,آواز,O,سبک‌ها,بالاد,همان، با کرشندو از زمزمه تا اوج ‖ متن: یه شب دیگه، یه راه دیگه، / بذار ببینم فردا چی می‌شه. / هرچی گذشت، گذشت و رفت، / من موندم و همین یه لحظه.,P2–P4,,,قوس دینامیکی کامل در یک عبارت,,,SPK01_M_V_O_005,,,
O006,آواز,O,سبک‌ها,راک و پرانرژی,عبارت پایه با خش کنترل‌شده (grit) ‖ متن: یه شب دیگه، یه راه دیگه، / بذار ببینم فردا چی می‌شه. / هرچی گذشت، گذشت و رفت، / من موندم و همین یه لحظه.,P3–P4,,,فقط اگر تکنیکش را بلدید — وگرنه رد کنید,,,SPK01_M_V_O_006,,,
O007,آواز,O,سبک‌ها,راک و پرانرژی,فریاد خوانده‌شده، ۲ ثانیه ‖ متن: یه شب دیگه، یه راه دیگه، / بذار ببینم فردا چی می‌شه. / هرچی گذشت، گذشت و رفت، / من موندم و همین یه لحظه.,P4–P5,,,حداکثر دو تیک. اگر گلو سوخت، تمام.,,,SPK01_M_V_O_007,,,
O008,آواز,O,سبک‌ها,راک و پرانرژی,عبارت پایه، پرانرژی و ضربه‌ای ‖ متن: یه شب دیگه، یه راه دیگه، / بذار ببینم فردا چی می‌شه. / هرچی گذشت، گذشت و رفت، / من موندم و همین یه لحظه.,P3–P4,,,تلفظ تیز، حمله‌های واضح,,,SPK01_M_V_O_008,,,
O009,آواز,O,سبک‌ها,سنتی,عبارت پایه در قالب آواز آزاد، با تحریر ‖ متن: یه شب دیگه، یه راه دیگه، / بذار ببینم فردا چی می‌شه. / هرچی گذشت، گذشت و رفت، / من موندم و همین یه لحظه.,P3–P5,,,بدون ضرب,,,SPK01_M_V_O_009,,,
O010,آواز,O,سبک‌ها,رپ,فلوی آهسته — ۳۰ ثانیه ‖ متن: شب که می‌شه، شهر یه رنگ دیگه داره، / چراغا روشن، ولی انگار کسی خونه نیست. / قدم می‌زنم، صدای قدمام تو کوچه می‌پیچه، / یه فکر تو سرم که هیچ‌جا جاش نیست.,,,,بدون بیت هم قابل قبول است؛ با بیت بهتر، ولی بیت نباید به میکروفن نشت کند,,,SPK01_M_V_O_010,,,
O011,آواز,O,سبک‌ها,رپ,فلوی متوسط — ۳۰ ثانیه ‖ متن: از صفر شروع کردم، نه اسمی نه راهی، / هر دری رو زدم، بسته بود، بازم موندم پاش. / گفتن نمی‌شه، گفتم باشه، ولی امتحان می‌کنم، / هر شب یه قدم، آروم ولی مطمئن.,,,,,,,SPK01_M_V_O_011,,,
O012,آواز,O,سبک‌ها,رپ,فلوی سریع — ۳۰ ثانیه ‖ متن: نه وقت واسه شک، نه جا واسه ترس، نه راه واسه برگشت، / یه نفس، یه قدم، یه هدف، تهش می‌رسم. / حرف زیاده، عمل کمه، من نشستم رو کارم، / تا وقتی نفس هست، همین‌جام و می‌سازم.,,,,وضوح تلفظ مهم‌تر از سرعت است,,,SPK01_M_V_O_012,,,
O013,آواز,O,سبک‌ها,رپ,هوک ملودیک — ۲۰ ثانیه، دو بار ‖ متن: بذار بگذره، بذار بگذره، / هرچی که بود، بذار بگذره. / فردا یه روز دیگه‌ست، یه شروع دیگه‌ست، / بذار بگذره.,,,,یک بار آرام، یک بار پرقدرت,,,SPK01_M_V_O_013,,,
O014,آواز,O,سبک‌ها,رپ,اَدلیب‌ها: «یه»، «آها»، «هه»، «اوه»، «چک»، نفس‌های ریتمیک، «های»,,,,هر کدام سه بار — پرکاربردترین صداهای رپ که هیچ دیتاست گفتاری ندارد,,,SPK01_M_V_O_014,,,
P001a,آواز,P,بازخوانی,,پاپ محاوره‌ای، رنج میانی، بدون فشار,,,,پاس ۱ — با بی‌کلام در هدفون، آهنگ کامل,سیروان خسروی — «رفتم» بابک جهانبخش — «حس بی‌تکرار»,گوگوش — «پل» هر پاپ ایرانی مدرن با رنج راحت,SPK01_M_V_P_001a,,,
P001b,آواز,P,بازخوانی,,پاپ محاوره‌ای، رنج میانی، بدون فشار,,,,پاس ۲ — آکاپلا بدون هیچ پخشی (فایل اصلی دیتاست),سیروان خسروی — «رفتم» بابک جهانبخش — «حس بی‌تکرار»,گوگوش — «پل» هر پاپ ایرانی مدرن با رنج راحت,SPK01_M_V_P_001b,,,
P001c,آواز,P,بازخوانی,,پاپ محاوره‌ای، رنج میانی، بدون فشار,,,,پاس ۳ — فقط کوروس/اوج، آکاپلا، دو بار,سیروان خسروی — «رفتم» بابک جهانبخش — «حس بی‌تکرار»,گوگوش — «پل» هر پاپ ایرانی مدرن با رنج راحت,SPK01_M_V_P_001c,,,
P002a,آواز,P,بازخوانی,,بالاد آرام، دینامیک پایین، صدای نفس‌آلود,,,,پاس ۱ — با بی‌کلام در هدفون، آهنگ کامل,مرتضی پاشایی — «یکی هست» محسن یگانه — «بهت قول میدم»,گوگوش — «مرداب» هر بالاد آرام با کشش‌های بلند,SPK01_M_V_P_002a,,,
P002b,آواز,P,بازخوانی,,بالاد آرام، دینامیک پایین، صدای نفس‌آلود,,,,پاس ۲ — آکاپلا بدون هیچ پخشی (فایل اصلی دیتاست),مرتضی پاشایی — «یکی هست» محسن یگانه — «بهت قول میدم»,گوگوش — «مرداب» هر بالاد آرام با کشش‌های بلند,SPK01_M_V_P_002b,,,
P002c,آواز,P,بازخوانی,,بالاد آرام، دینامیک پایین، صدای نفس‌آلود,,,,پاس ۳ — فقط کوروس/اوج، آکاپلا، دو بار,مرتضی پاشایی — «یکی هست» محسن یگانه — «بهت قول میدم»,گوگوش — «مرداب» هر بالاد آرام با کشش‌های بلند,SPK01_M_V_P_002c,,,
P003a,آواز,P,بازخوانی,,اوج پاپ، بلت در رنج بالا,,,,پاس ۱ — با بی‌کلام در هدفون، آهنگ کامل,محسن چاوشی — «کجایی» محسن یگانه — «نگام کن»,هایده — «سوغاتی» هر آهنگ با اوج قدرتمند,SPK01_M_V_P_003a,,,
P003b,آواز,P,بازخوانی,,اوج پاپ، بلت در رنج بالا,,,,پاس ۲ — آکاپلا بدون هیچ پخشی (فایل اصلی دیتاست),محسن چاوشی — «کجایی» محسن یگانه — «نگام کن»,هایده — «سوغاتی» هر آهنگ با اوج قدرتمند,SPK01_M_V_P_003b,,,
P003c,آواز,P,بازخوانی,,اوج پاپ، بلت در رنج بالا,,,,پاس ۳ — فقط کوروس/اوج، آکاپلا، دو بار,محسن چاوشی — «کجایی» محسن یگانه — «نگام کن»,هایده — «سوغاتی» هر آهنگ با اوج قدرتمند,SPK01_M_V_P_003c,,,
P004a,آواز,P,بازخوانی,,رنج پایین، صدای سینه‌ای غلیظ,,,,پاس ۱ — با بی‌کلام در هدفون، آهنگ کامل,رضا صادقی — «مشکی رنگ عشقه» هر آهنگ با ثبت پایین و خش,مهستی — هر آهنگ در رنج پایین‌تر هایده — قطعات آرام,SPK01_M_V_P_004a,,,
P004b,آواز,P,بازخوانی,,رنج پایین، صدای سینه‌ای غلیظ,,,,پاس ۲ — آکاپلا بدون هیچ پخشی (فایل اصلی دیتاست),رضا صادقی — «مشکی رنگ عشقه» هر آهنگ با ثبت پایین و خش,مهستی — هر آهنگ در رنج پایین‌تر هایده — قطعات آرام,SPK01_M_V_P_004b,,,
P004c,آواز,P,بازخوانی,,رنج پایین، صدای سینه‌ای غلیظ,,,,پاس ۳ — فقط کوروس/اوج، آکاپلا، دو بار,رضا صادقی — «مشکی رنگ عشقه» هر آهنگ با ثبت پایین و خش,مهستی — هر آهنگ در رنج پایین‌تر هایده — قطعات آرام,SPK01_M_V_P_004c,,,
P005a,آواز,P,بازخوانی,,سنتی، تحریر، آواز آزاد,,,,پاس ۱ — با بی‌کلام در هدفون، آهنگ کامل,محمدرضا شجریان — «مرغ سحر» همایون شجریان — «چرا رفتی»,سیما بینا — «دو پرنده» پریسا — هر آواز با تحریر,SPK01_M_V_P_005a,,,
P005b,آواز,P,بازخوانی,,سنتی، تحریر، آواز آزاد,,,,پاس ۲ — آکاپلا بدون هیچ پخشی (فایل اصلی دیتاست),محمدرضا شجریان — «مرغ سحر» همایون شجریان — «چرا رفتی»,سیما بینا — «دو پرنده» پریسا — هر آواز با تحریر,SPK01_M_V_P_005b,,,
P005c,آواز,P,بازخوانی,,سنتی، تحریر، آواز آزاد,,,,پاس ۳ — فقط کوروس/اوج، آکاپلا، دو بار,محمدرضا شجریان — «مرغ سحر» همایون شجریان — «چرا رفتی»,سیما بینا — «دو پرنده» پریسا — هر آواز با تحریر,SPK01_M_V_P_005c,,,
P006a,آواز,P,بازخوانی,,راک یا پرانرژی، خش کنترل‌شده,,,,پاس ۱ — با بی‌کلام در هدفون، آهنگ کامل,فرهاد مهراد — «مرد تنهای شب» علیرضا عصار — «کوچ عاشقانه»,هر آهنگ پرانرژی با اوج بلند یا نسخهٔ ترنسپوزشدهٔ ستون کناری,SPK01_M_V_P_006a,,,
P006b,آواز,P,بازخوانی,,راک یا پرانرژی، خش کنترل‌شده,,,,پاس ۲ — آکاپلا بدون هیچ پخشی (فایل اصلی دیتاست),فرهاد مهراد — «مرد تنهای شب» علیرضا عصار — «کوچ عاشقانه»,هر آهنگ پرانرژی با اوج بلند یا نسخهٔ ترنسپوزشدهٔ ستون کناری,SPK01_M_V_P_006b,,,
P006c,آواز,P,بازخوانی,,راک یا پرانرژی، خش کنترل‌شده,,,,پاس ۳ — فقط کوروس/اوج، آکاپلا، دو بار,فرهاد مهراد — «مرد تنهای شب» علیرضا عصار — «کوچ عاشقانه»,هر آهنگ پرانرژی با اوج بلند یا نسخهٔ ترنسپوزشدهٔ ستون کناری,SPK01_M_V_P_006c,,,
P007a,آواز,P,بازخوانی,,رپ — فلوی واضح روی بیت,,,,پاس ۱ — با بی‌کلام در هدفون، آهنگ کامل,یاس — «دعای باران» یا متن‌های بلوک O روی بیت دلخواه,هر ترک رپ فارسی با فلوی واضح یا متن‌های بلوک O روی بیت دلخواه,SPK01_M_V_P_007a,,,
P007b,آواز,P,بازخوانی,,رپ — فلوی واضح روی بیت,,,,پاس ۲ — آکاپلا بدون هیچ پخشی (فایل اصلی دیتاست),یاس — «دعای باران» یا متن‌های بلوک O روی بیت دلخواه,هر ترک رپ فارسی با فلوی واضح یا متن‌های بلوک O روی بیت دلخواه,SPK01_M_V_P_007b,,,
P007c,آواز,P,بازخوانی,,رپ — فلوی واضح روی بیت,,,,پاس ۳ — فقط کوروس/اوج، آکاپلا، دو بار,یاس — «دعای باران» یا متن‌های بلوک O روی بیت دلخواه,هر ترک رپ فارسی با فلوی واضح یا متن‌های بلوک O روی بیت دلخواه,SPK01_M_V_P_007c,,,
P008a,آواز,P,بازخوانی,,ریتمیک و شاد، تلفظ سریع,,,,پاس ۱ — با بی‌کلام در هدفون، آهنگ کامل,شادمهر عقیلی — «مسافر» هر آهنگ ریتمیک,لیلا فروهر — هر آهنگ ریتمیک گوگوش — قطعات تندتر,SPK01_M_V_P_008a,,,
P008b,آواز,P,بازخوانی,,ریتمیک و شاد، تلفظ سریع,,,,پاس ۲ — آکاپلا بدون هیچ پخشی (فایل اصلی دیتاست),شادمهر عقیلی — «مسافر» هر آهنگ ریتمیک,لیلا فروهر — هر آهنگ ریتمیک گوگوش — قطعات تندتر,SPK01_M_V_P_008b,,,
P008c,آواز,P,بازخوانی,,ریتمیک و شاد، تلفظ سریع,,,,پاس ۳ — فقط کوروس/اوج، آکاپلا، دو بار,شادمهر عقیلی — «مسافر» هر آهنگ ریتمیک,لیلا فروهر — هر آهنگ ریتمیک گوگوش — قطعات تندتر,SPK01_M_V_P_008c,,,
